System Time,Timestamp,Left X,Left Y,Right X,Right Y,Median X,Median Y,Stimuli,Stimuli Position X,Stimuli Position Y,LabelColumn,counter,,,,,
1.54713E+12,153.670037,0.558885217,0.582360089,0.571684539,0.54317081,0.565284878,0.562765449,1,33,40,1,0,,,,,
1.54713E+12,153.68114,0.55894804,0.581091642,0.57111758,0.551791549,0.56503281,0.566441596,1,33,40,1,0,,,,,
1.54713E+12,153.692244,0.557917833,0.57868433,0.57062155,0.548702121,0.564269692,0.563693225,1,33,40,1,0,,,,,
1.54713E+12,153.703348,0.556898713,0.545601845,0.568293154,0.508737922,0.562595934,0.527169883,1,33,40,1,0,,,,,
1.54713E+12,153.714451,0.554345608,0.49508661,0.563936532,0.474027216,0.55914107,0.484556913,1,33,40,1,0,,,,,
1.54713E+12,153.725554,0.552894354,0.455921948,0.563426614,0.431443483,0.558160484,0.443682715,1,33,40,1,0,,,,,
1.54713E+12,153.736657,0.552673519,0.430913478,0.566555321,0.419677377,0.55961442,0.425295427,1,33,40,1,0,,,,,
1.54713E+12,153.74776,0.554525137,0.416435659,0.566764235,0.40333575,0.560644686,0.409885705,1,33,40,1,0,,,,,
1.54713E+12,153.758864,0.556512475,0.410104394,0.567105711,0.399952292,0.561809093,0.405028343,1,33,40,1,0,,,,,
1.54713E+12,153.769967,0.557514668,0.407451093,0.564473033,0.415564895,0.56099385,0.411507994,1,33,40,1,0,,,,,
1.54713E+12,153.781071,0.555818319,0.408597171,0.566608369,0.433158517,0.561213344,0.420877844,1,33,40,1,0,,,,,
1.54713E+12,153.792174,0.554713607,0.410313278,0.566207528,0.432552069,0.560460567,0.421432674,1,33,40,1,0,,,,,
1.54713E+12,153.803278,0.554457366,0.415976375,0.565808654,0.436337173,0.56013301,0.426156774,1,33,40,1,0,,,,,
1.54713E+12,153.814381,0.555882514,0.420226067,0.566449046,0.430313796,0.56116578,0.425269932,1,33,40,1,0,,,,,
1.54713E+12,153.825484,0.556108892,0.420743644,0.566503227,0.433034897,0.561306059,0.426889271,1,33,40,1,0,,,,,
1.54713E+12,153.836587,0.557049274,0.414204746,0.56563288,0.430389971,0.561341077,0.422297359,1,33,40,1,0,,,,,
1.54713E+12,153.847691,0.556902826,0.417968273,0.563272119,0.44331193,0.560087472,0.430640101,1,33,40,1,0,,,,,
1.54713E+12,153.858794,0.557480693,0.41749993,0.563091993,0.443421036,0.560286343,0.430460483,1,33,40,1,0,,,,,
1.54713E+12,153.869898,0.557251513,0.417405903,0.563349485,0.447338253,0.560300499,0.432372078,1,33,40,1,0,,,,,
1.54713E+12,153.881001,0.558576763,0.403193504,0.56657052,0.433092266,0.562573642,0.418142885,1,33,40,1,0,,,,,
1.54713E+12,153.892105,0.558951497,0.396924555,0.568679154,0.430663735,0.563815325,0.413794145,1,33,40,1,0,,,,,
1.54713E+12,153.903208,0.558464944,0.396960407,0.570694506,0.425187826,0.564579725,0.411074117,1,33,40,1,0,,,,,
1.54713E+12,153.914311,0.556195498,0.399892509,0.568426132,0.436041772,0.562310815,0.417967141,1,33,40,1,0,,,,,
1.54713E+12,153.925414,0.555880666,0.402228057,0.567296565,0.434240401,0.561588615,0.418234229,1,33,40,1,0,,,,,
1.54713E+12,153.936517,0.554797113,0.402057767,0.566248417,0.435415089,0.560522765,0.418736428,1,33,40,1,0,,,,,
1.54713E+12,153.947621,0.5591923,0.399316162,0.569066584,0.433771223,0.564129442,0.416543692,1,33,40,1,0,,,,,
1.54713E+12,153.958725,0.558660984,0.398458809,0.569786429,0.432588667,0.564223707,0.415523738,1,33,40,1,0,,,,,
1.54713E+12,153.969828,0.560123801,0.39535144,0.570109904,0.431680888,0.565116853,0.413516164,1,33,40,1,0,,,,,
1.54713E+12,153.980931,0.557277024,0.393679231,0.567715764,0.431704909,0.562496394,0.41269207,1,33,40,1,0,,,,,
1.54713E+12,153.992035,0.557534337,0.392331451,0.566983938,0.4327856,0.562259138,0.412558526,1,33,40,1,0,,,,,
1.54713E+12,154.003138,0.557764292,0.39355287,0.567313731,0.429478854,0.562539011,0.411515862,1,33,40,1,0,,,,,
1.54713E+12,154.014241,0.559577525,0.392488718,0.570294678,0.420856386,0.564936101,0.406672552,1,33,40,1,0,,,,,
1.54713E+12,154.025343,0.559845686,0.390253782,0.571353674,0.42131111,0.56559968,0.405782446,1,33,40,1,0,,,,,
1.54713E+12,154.036447,0.557970643,0.387115836,0.574010253,0.421027184,0.565990448,0.40407151,1,33,40,1,0,,,,,
1.54713E+12,154.047551,0.558047295,0.386808336,0.571457982,0.426413447,0.564752638,0.406610891,1,33,40,1,0,,,,,
1.54713E+12,154.058654,0.558716536,0.388389289,0.571428061,0.426838517,0.565072298,0.407613903,1,33,40,1,0,,,,,
1.54713E+12,154.069757,0.559705019,0.384560406,0.566418707,0.426479667,0.563061863,0.405520037,1,33,40,1,0,,,,,
1.54713E+12,154.080861,0.560405135,0.385155767,0.569003403,0.428189397,0.564704269,0.406672582,1,33,40,1,0,,,,,
1.54713E+12,154.091963,0.55933398,0.385328174,0.568613112,0.426018596,0.563973546,0.405673385,1,33,40,1,0,,,,,
1.54713E+12,154.103066,0.559507191,0.389376253,0.573132396,0.425940871,0.566319793,0.407658562,1,33,40,1,0,,,,,
1.54713E+12,154.114169,0.560274482,0.388167977,0.571437597,0.421096534,0.56585604,0.404632255,1,33,40,1,0,,,,,
1.54713E+12,154.125272,0.563870311,0.386538982,0.574272096,0.424573243,0.569071203,0.405556113,1,33,40,1,0,,,,,
1.54713E+12,154.136377,0.577006459,0.399396062,0.590900898,0.441084892,0.583953679,0.420240477,1,33,40,1,0,,,,,
1.54713E+12,154.14748,0.600757003,0.436227322,0.6120978,0.473870933,0.606427401,0.455049127,1,33,40,1,0,,,,,
1.54713E+12,154.158582,0.624028683,0.482851297,0.635655642,0.510848522,0.629842162,0.496849909,1,33,40,1,0,,,,,
1.54713E+12,154.169685,0.63743937,0.523195624,0.645467997,0.530892909,0.641453683,0.527044266,1,33,40,1,0,,,,,
1.54713E+12,154.180789,0.641535878,0.551513255,0.647992969,0.545857787,0.644764423,0.548685521,1,33,40,1,0,,,,,
1.54713E+12,154.191892,0.642142892,0.556246459,0.646288991,0.550819576,0.644215941,0.553533018,1,33,40,1,0,,,,,
1.54713E+12,154.202995,0.640097022,0.551502526,0.645467699,0.555006862,0.64278236,0.553254694,1,33,40,1,0,,,,,
1.54713E+12,154.214098,0.639445901,0.547793984,0.643607438,0.551840007,0.641526669,0.549816996,1,33,40,1,0,,,,,
1.54713E+12,154.225202,0.639025092,0.545530856,0.643249273,0.552340746,0.641137183,0.548935801,1,33,40,1,0,,,,,
1.54713E+12,154.236305,0.636807382,0.549313307,0.643884718,0.550007045,0.64034605,0.549660176,1,33,40,1,0,,,,,
1.54713E+12,154.247408,0.636976242,0.54542619,0.644667208,0.556749225,0.640821725,0.551087707,1,33,40,1,0,,,,,
1.54713E+12,154.258511,0.638108194,0.547048986,0.645465851,0.554562032,0.641787022,0.550805509,1,33,40,1,0,,Label,,,counter
1.54713E+12,154.269615,0.637998521,0.540753543,0.645867288,0.554193676,0.641932905,0.547473609,1,33,40,1,0,,## represents gesture,,,## represents sequences
1.54713E+12,154.280718,0.639000118,0.544915378,0.646319866,0.550588906,0.642659992,0.547752142,1,33,40,1,0,,##  1-yes,,,## variable length
1.54713E+12,154.291821,0.638267994,0.542967975,0.64615804,0.554048419,0.642213017,0.548508197,1,33,40,1,0,,##  2-no,,,
1.54713E+12,154.302923,0.640342891,0.543915153,0.646164179,0.553966165,0.643253535,0.548940659,1,33,40,1,0,,##  3-up,,,
1.54713E+12,154.314027,0.643891513,0.538519502,0.646175444,0.553153098,0.645033479,0.5458363,1,33,40,1,0,,##  4-down,,,
1.54713E+12,154.325131,0.647972643,0.541996658,0.650279462,0.554269373,0.649126053,0.548133016,1,33,40,1,0,,##  5-front,,,
1.54713E+12,154.336234,0.652557194,0.542653799,0.657213151,0.561108053,0.654885173,0.551880926,1,33,40,1,0,,##  6-back,,,
1.54713E+12,154.347337,0.65137285,0.534078658,0.662160993,0.563619375,0.656766921,0.548849016,1,33,40,1,0,,,,,
1.54713E+12,154.35844,0.651074648,0.530830085,0.663302004,0.563121676,0.657188326,0.546975881,1,33,40,1,0,,,,,
1.54713E+12,154.369543,0.649385691,0.528379738,0.665481031,0.562636435,0.657433361,0.545508087,1,33,40,1,0,,,,,
1.54713E+12,154.380646,0.652824044,0.539866924,0.665910244,0.564884961,0.659367144,0.552375942,1,33,40,1,0,,,,,
1.54713E+12,154.391749,0.653629243,0.542233884,0.665732801,0.5648067,0.659681022,0.553520292,1,33,40,1,0,,,,,
1.54713E+12,154.402853,0.653599858,0.54350841,0.665200531,0.563755155,0.659400195,0.553631783,1,33,40,1,0,,,,,
1.54713E+12,154.413957,0.652986467,0.527928531,0.664679229,0.566948295,0.658832848,0.547438413,1,33,40,1,0,,,,,
1.54713E+12,154.42506,0.652825952,0.527741551,0.664812684,0.566322982,0.658819318,0.547032267,1,33,40,1,0,,,,,
1.54713E+12,154.436162,0.652435303,0.52106297,0.663665116,0.563795447,0.658050209,0.542429209,1,33,40,1,0,,,,,
1.54713E+12,154.447265,0.652559996,0.535249472,0.663391471,0.555263519,0.657975733,0.545256495,1,33,40,1,0,,,,,
1.54713E+12,154.458369,0.652194917,0.532486618,0.663585901,0.553061008,0.657890409,0.542773813,1,33,40,1,0,,,,,
1.54713E+12,154.469472,0.653894246,0.540119231,0.663369656,0.55189985,0.658631951,0.546009541,1,33,40,1,0,,,,,
1.54713E+12,154.480575,0.655614316,0.544361949,0.664195299,0.555301011,0.659904808,0.54983148,1,33,40,1,0,,,,,
1.54713E+12,154.491679,0.657552958,0.545380235,0.664093792,0.554945469,0.660823375,0.550162852,1,33,40,1,0,,,,,
1.54713E+12,154.502781,0.656636775,0.544937968,0.665075958,0.556419849,0.660856366,0.550678909,1,33,40,1,0,,,,,
1.54713E+12,154.513885,0.656958282,0.540656626,0.664983273,0.557863116,0.660970777,0.549259871,1,33,40,1,0,,,,,
1.54713E+12,154.524988,0.656491399,0.540024936,0.6658113,0.557628393,0.66115135,0.548826665,1,33,40,1,0,,,,,
1.54713E+12,154.536091,0.656350434,0.543810725,0.665366471,0.559640586,0.660858452,0.551725656,1,33,40,1,0,,,,,
1.54713E+12,154.547194,0.654785633,0.543659568,0.666890502,0.562961102,0.660838068,0.553310335,1,33,40,1,0,,,,,
1.54713E+12,154.558297,0.654474378,0.542074502,0.666037917,0.564475775,0.660256147,0.553275138,1,33,40,1,0,,,,,
1.54713E+12,154.5694,0.655293107,0.530126393,0.666855335,0.568113148,0.661074221,0.549119771,1,33,40,1,0,,,,,
1.54713E+12,154.580504,0.657293975,0.527079642,0.663759887,0.562859058,0.660526931,0.54496935,1,33,40,1,0,,,,,
1.54713E+12,154.591607,0.658207774,0.525846601,0.665627301,0.561218619,0.661917537,0.54353261,1,33,40,1,0,,,,,
1.54713E+12,154.602711,0.658106625,0.528239846,0.665218413,0.560690641,0.661662519,0.544465244,1,33,40,1,0,,,,,
1.54713E+12,154.613814,0.660949707,0.528216004,0.668012083,0.560371637,0.664480895,0.544293821,1,33,40,1,0,,,,,
1.54713E+12,154.624917,0.660515189,0.52763015,0.667536676,0.561150908,0.664025933,0.544390529,1,33,40,1,0,,,,,
1.54713E+12,154.636019,0.660127103,0.527806401,0.665248573,0.556526601,0.662687838,0.542166501,1,33,40,1,0,,,,,
1.54713E+12,154.647123,0.655991852,0.530397236,0.66353935,0.557466745,0.659765601,0.543931991,1,33,40,1,0,,,,,
1.54713E+12,154.658226,0.641097963,0.528195083,0.653695583,0.5593701,0.647396773,0.543782592,1,33,40,1,0,,,,,
1.54713E+12,154.66933,0.607956886,0.53422749,0.618948758,0.548871696,0.613452822,0.541549593,1,33,40,1,0,,,,,
1.54713E+12,154.680433,0.571947336,0.539182544,0.593674421,0.537183344,0.582810879,0.538182944,1,33,40,1,0,,,,,
1.54713E+12,154.691536,0.552222669,0.53375119,0.569812715,0.536496401,0.561017692,0.535123795,1,33,40,1,0,,,,,
1.54713E+12,154.702639,0.552504122,0.527358592,0.564820409,0.533980429,0.558662266,0.53066951,1,33,40,1,0,,,,,
1.54713E+12,154.713742,0.555825174,0.519893527,0.564078927,0.540711582,0.55995205,0.530302554,1,33,40,1,0,,,,,
1.54713E+12,154.724845,0.559619784,0.518869996,0.56798929,0.542550802,0.563804537,0.530710399,1,33,40,1,0,,,,,
1.54713E+12,154.735948,0.563649595,0.524752855,0.570767105,0.546372712,0.56720835,0.535562783,1,33,40,1,0,,,,,
1.54713E+12,154.747052,0.567205906,0.528568864,0.572243452,0.545864761,0.569724679,0.537216812,1,33,40,1,0,,,,,
1.54713E+12,154.758156,0.565995097,0.532762706,0.573499858,0.546852767,0.569747478,0.539807737,1,33,40,1,0,,,,,
1.5478E+12,185.517098,0.35063681,0.613070726,0.347733289,0.602794349,0.34918505,0.607932538,2,531,610,2,1,,,,,
1.5478E+12,185.528201,0.352472961,0.618089676,0.351305634,0.608610094,0.351889297,0.613349885,2,531,610,2,1,,,,,
1.5478E+12,185.539305,0.352175057,0.620235324,0.351807445,0.607447624,0.351991251,0.613841474,2,531,610,2,1,,,,,
1.5478E+12,185.550408,0.349686295,0.619233668,0.350424737,0.621355534,0.350055516,0.620294601,2,531,610,2,1,,,,,
1.5478E+12,185.561511,0.333735198,0.619570851,0.333689958,0.617899299,0.333712578,0.618735075,2,531,610,2,1,,,,,
1.5478E+12,185.572614,0.326142371,0.612966657,0.325589925,0.618763387,0.325866148,0.615865022,2,531,610,2,1,,,,,
1.5478E+12,185.583717,0.295695722,0.629801631,0.291371852,0.611172199,0.293533787,0.620486915,2,531,610,2,1,,,,,
1.5478E+12,185.59482,0.259337068,0.626322627,0.259994835,0.620338082,0.259665951,0.623330355,2,531,610,2,1,,,,,
1.5478E+12,185.605925,0.260787785,0.627592087,0.261150897,0.62569201,0.260969341,0.626642048,2,531,610,2,1,,,,,
1.5478E+12,185.617028,0.259224474,0.616989672,0.262972564,0.623338878,0.261098519,0.620164275,2,531,610,2,1,,,,,
1.5478E+12,185.628131,0.25875926,0.618805647,0.262230724,0.620723009,0.260494992,0.619764328,2,531,610,2,1,,,,,
1.5478E+12,185.639234,0.257528663,0.614519358,0.262269586,0.61581552,0.259899125,0.615167439,2,531,610,2,1,,,,,
1.5478E+12,185.650337,0.257383049,0.619774759,0.262196451,0.619523108,0.25978975,0.619648933,2,531,610,2,1,,,,,
1.5478E+12,185.66144,0.257033497,0.619997621,0.26063171,0.618891418,0.258832604,0.619444519,2,531,610,2,1,,,,,
1.5478E+12,185.672544,0.2574251,0.620304585,0.26031059,0.620909393,0.258867845,0.620606989,2,531,610,2,1,,,,,
1.5478E+12,185.683647,0.255792558,0.613820195,0.260359973,0.621145666,0.258076265,0.61748293,2,531,610,2,1,,,,,
1.5478E+12,185.694751,0.257033169,0.611392736,0.262594998,0.62277633,0.259814084,0.617084533,2,531,610,2,1,,,,,
1.5478E+12,185.705854,0.253883302,0.609294236,0.263100594,0.62306118,0.258491948,0.616177708,2,531,610,2,1,,,,,
1.5478E+12,185.716957,0.255023122,0.612115562,0.264778286,0.622471869,0.259900704,0.617293715,2,531,610,2,1,,,,,
1.5478E+12,185.72806,0.25720939,0.610668302,0.262089312,0.622161925,0.259649351,0.616415113,2,531,610,2,1,,,,,
1.5478E+12,185.739164,0.258660525,0.614958048,0.263370216,0.619569063,0.26101537,0.617263556,2,531,610,2,1,,,,,
1.5478E+12,185.750267,0.258219808,0.614876211,0.262945682,0.619496107,0.260582745,0.617186159,2,531,610,2,1,,,,,
1.5478E+12,185.76137,0.253881395,0.612167895,0.26407069,0.61838311,0.258976042,0.615275502,2,531,610,2,1,,,,,
1.5478E+12,185.772473,0.254496247,0.615282476,0.264085412,0.61839819,0.259290829,0.616840333,2,531,610,2,1,,,,,
1.5478E+12,185.783577,0.256506056,0.622928143,0.264528126,0.621133208,0.260517091,0.622030675,2,531,610,2,1,,,,,
1.5478E+12,185.79468,0.258883297,0.619499385,0.265642941,0.6209746,0.262263119,0.620236993,2,531,610,2,1,,,,,
1.5478E+12,185.805784,0.257324398,0.61228168,0.264930636,0.621111751,0.261127517,0.616696715,2,531,610,2,1,,,,,
1.5478E+12,185.816887,0.253141999,0.604991615,0.265970528,0.617601514,0.259556264,0.611296564,2,531,610,2,1,,,,,
1.5478E+12,185.82799,0.252064943,0.606235623,0.264517844,0.618980706,0.258291394,0.612608165,2,531,610,2,1,,,,,
1.5478E+12,185.839093,0.254721075,0.606638074,0.264981061,0.621778011,0.259851068,0.614208043,2,531,610,2,1,,,,,
1.5478E+12,185.850196,0.257880062,0.605161428,0.264489621,0.621473193,0.261184841,0.613317311,2,531,610,2,1,,,,,
1.5478E+12,185.861299,0.257038534,0.603745461,0.26348424,0.617107868,0.260261387,0.610426664,2,531,610,2,1,,,,,
1.5478E+12,185.872403,0.257264286,0.606942654,0.262539148,0.613690555,0.259901717,0.610316604,2,531,610,2,1,,,,,
1.5478E+12,185.883507,0.257973194,0.614852726,0.262421042,0.611993372,0.260197118,0.613423049,2,531,610,2,1,,,,,
1.5478E+12,185.89461,0.261598974,0.622745574,0.264705479,0.614999175,0.263152227,0.618872374,2,531,610,2,1,,,,,
1.5478E+12,185.905713,0.263825685,0.621721625,0.2649391,0.616864741,0.264382392,0.619293183,2,531,610,2,1,,,,,
1.5478E+12,185.916816,0.264360547,0.618293941,0.263492823,0.616270006,0.263926685,0.617281973,2,531,610,2,1,,,,,
1.5478E+12,185.927919,0.26482749,0.617439091,0.264368206,0.613052905,0.264597848,0.615245998,2,531,610,2,1,,,,,
1.5478E+12,185.939022,0.262667686,0.611829281,0.265249699,0.609230995,0.263958693,0.610530138,2,531,610,2,1,,,,,
1.5478E+12,185.950126,0.261027336,0.610172093,0.265436262,0.61062938,0.263231799,0.610400736,2,531,610,2,1,,,,,
1.5478E+12,185.96123,0.257522374,0.610308528,0.266072333,0.611344337,0.261797354,0.610826433,2,531,610,2,1,,,,,
1.5478E+12,185.972333,0.254767716,0.617868245,0.265783519,0.612775445,0.260275617,0.615321845,2,531,610,2,1,,,,,
1.5478E+12,185.983436,0.256925821,0.61831516,0.266781032,0.613174379,0.261853427,0.61574477,2,531,610,2,1,,,,,
1.5478E+12,185.994539,0.259240389,0.616995752,0.266624689,0.616189957,0.262932539,0.616592854,2,531,610,2,1,,,,,
1.5478E+12,186.005642,0.261787295,0.616667628,0.266158164,0.61783731,0.263972729,0.617252469,2,531,610,2,1,,,,,
1.5478E+12,186.016746,0.261288017,0.620751441,0.2672261,0.616968036,0.264257059,0.618859738,2,531,610,2,1,,,,,
1.5478E+12,186.027849,0.260212421,0.631654382,0.269006014,0.620758712,0.264609218,0.626206547,2,531,610,2,1,,,,,
1.5478E+12,186.038952,0.275887728,0.662877142,0.269919157,0.619695783,0.272903442,0.641286463,2,531,610,2,1,,,,,
1.5478E+12,186.050056,0.294832051,0.699568808,0.297573835,0.676089168,0.296202943,0.687828988,2,531,610,2,1,,,,,
1.5478E+12,186.061159,0.33127743,0.77030623,0.352229923,0.784424543,0.341753677,0.777365386,2,531,610,2,1,,,,,
1.5478E+12,186.072262,0.339741081,0.784175754,0.353020966,0.781951189,0.346381024,0.783063471,2,531,610,2,1,,,,,
1.5478E+12,186.083366,0.340010077,0.780917168,0.350762337,0.775081694,0.345386207,0.777999431,2,531,610,2,1,,,,,
1.5478E+12,186.094469,0.34243533,0.776522756,0.353140593,0.766149461,0.347787961,0.771336108,2,531,610,2,1,,,,,
1.5478E+12,186.105572,0.342529982,0.774434268,0.352691501,0.767896056,0.347610742,0.771165162,2,531,610,2,1,,,,,
1.5478E+12,186.116675,0.342465311,0.774683595,0.354384989,0.768966496,0.34842515,0.771825045,2,531,610,2,1,,,,,
1.5478E+12,186.127778,0.341926098,0.774277508,0.353741795,0.77217561,0.347833946,0.773226559,2,531,610,2,1,,,,,
1.5478E+12,186.138882,0.338930637,0.775129318,0.357665867,0.775980651,0.348298252,0.775554985,2,531,610,2,1,,,,,
1.5478E+12,186.149986,0.336510539,0.773794174,0.356415659,0.772912383,0.346463099,0.773353279,2,531,610,2,1,,,,,
1.5478E+12,186.161089,0.337590516,0.772204578,0.355888337,0.772240341,0.346739426,0.772222459,2,531,610,2,1,,,,,
1.5478E+12,186.172192,0.339814663,0.772086442,0.354438543,0.768050492,0.347126603,0.770068467,2,531,610,2,1,,,,,
1.5478E+12,186.183295,0.341019392,0.773541808,0.356137872,0.770157337,0.348578632,0.771849573,2,531,610,2,1,,,,,
1.5478E+12,186.194398,0.340648025,0.768095434,0.357599229,0.763981342,0.349123627,0.766038388,2,531,610,2,1,,,,,
1.5478E+12,186.205501,0.341550171,0.767461717,0.357182384,0.761695623,0.349366277,0.76457867,2,531,610,2,1,,,,,
1.5478E+12,186.216605,0.341138393,0.766318381,0.356365174,0.755844176,0.348751783,0.761081278,2,531,610,2,1,,,,,
1.5478E+12,186.227709,0.34040612,0.764003754,0.354789555,0.751423061,0.347597837,0.757713407,2,531,610,2,1,,,,,
1.5478E+12,186.238812,0.34297815,0.764785767,0.354325175,0.743243814,0.348651662,0.75401479,2,531,610,2,1,,,,,
1.5478E+12,186.249915,0.343026191,0.761511505,0.353868932,0.749214172,0.348447561,0.755362839,2,531,610,2,1,,,,,
1.5478E+12,186.261018,0.343198538,0.767478287,0.353958279,0.751929462,0.348578408,0.759703875,2,531,610,2,1,,,,,
1.5478E+12,186.272121,0.342443496,0.763043761,0.35424161,0.757566154,0.348342553,0.760304958,2,531,610,2,1,,,,,
1.5478E+12,186.283224,0.343092442,0.766838014,0.353673071,0.753970444,0.348382756,0.760404229,2,531,610,2,1,,,,,
1.5478E+12,186.294328,0.344887733,0.762763321,0.353040963,0.75346607,0.348964348,0.758114696,2,531,610,2,1,,,,,
1.5478E+12,186.305431,0.345474005,0.767278254,0.353274375,0.753582954,0.34937419,0.760430604,2,531,610,2,1,,,,,
1.5478E+12,186.316535,0.345009208,0.765607238,0.353819847,0.750365019,0.349414527,0.757986128,2,531,610,2,1,,,,,
1.5478E+12,186.327638,0.345236272,0.768626392,0.355114579,0.750662029,0.350175425,0.75964421,2,531,610,2,1,,,,,
1.5478E+12,186.338741,0.344469905,0.769823194,0.355745047,0.751300693,0.350107476,0.760561943,2,531,610,2,1,,,,,
1.5478E+12,186.349844,0.345749319,0.771330297,0.354631186,0.755310774,0.350190252,0.763320535,2,531,610,2,1,,,,,
1.5478E+12,186.360948,0.344067961,0.774240613,0.354282498,0.754606247,0.34917523,0.76442343,2,531,610,2,1,,,,,
1.5478E+12,186.372051,0.340566188,0.770309687,0.353363097,0.753871322,0.346964642,0.762090504,2,531,610,2,1,,,,,
1.5478E+12,186.383154,0.339390725,0.76587373,0.354169339,0.750496805,0.346780032,0.758185267,2,531,610,2,1,,,,,
1.5478E+12,186.394257,0.341467947,0.760227859,0.35223797,0.752470136,0.346852958,0.756348997,2,531,610,2,1,,,,,
1.5478E+12,186.405361,0.341744542,0.75346601,0.352992713,0.753908157,0.347368628,0.753687084,2,531,610,2,1,,,,,
1.5478E+12,186.416464,0.341510087,0.759885788,0.353731245,0.751041532,0.347620666,0.75546366,2,531,610,2,1,,,,,
1.5478E+12,186.427568,0.339596629,0.756603718,0.353916824,0.753538013,0.346756727,0.755070865,2,531,610,2,1,,,,,
1.5478E+12,186.438671,0.343219817,0.764299393,0.35161823,0.755474985,0.347419024,0.759887189,2,531,610,2,1,,,,,
1.5478E+12,186.449774,0.343022913,0.761996567,0.352171957,0.759987056,0.347597435,0.760991812,2,531,610,2,1,,,,,
1.5478E+12,186.460877,0.344116628,0.762722492,0.353541642,0.75346905,0.348829135,0.758095771,2,531,610,2,1,,,,,
1.5478E+12,186.47198,0.339843661,0.759955466,0.355971694,0.751380742,0.347907677,0.755668104,2,531,610,2,1,,,,,
1.5478E+12,186.483083,0.339318961,0.758712173,0.352344394,0.75482434,0.345831677,0.756768256,2,531,610,2,1,,,,,
1.5478E+12,186.494188,0.339541584,0.762043118,0.352407843,0.76046586,0.345974714,0.761254489,2,531,610,2,1,,,,,
1.5478E+12,186.505291,0.343904674,0.76598376,0.352067649,0.76047045,0.347986162,0.763227105,2,531,610,2,1,,,,,
1.5478E+12,186.516394,0.345666289,0.772937357,0.353901148,0.757526636,0.349783719,0.765231997,2,531,610,2,1,,,,,
1.5478E+12,186.527497,0.347213984,0.773097515,0.352539778,0.759373903,0.349876881,0.766235709,2,531,610,2,1,,,,,
1.5478E+12,186.5386,0.344253629,0.76927793,0.354290634,0.758435309,0.349272132,0.76385662,2,531,610,2,1,,,,,
1.5478E+12,186.549703,0.342909932,0.763169229,0.354979545,0.761294663,0.348944739,0.762231946,2,531,610,2,1,,,,,
1.5478E+12,186.560807,0.341389835,0.762126267,0.354637653,0.752670228,0.348013744,0.757398248,2,531,610,2,1,,,,,
1.5478E+12,186.57191,0.340738565,0.764636099,0.352734536,0.750563323,0.34673655,0.757599711,2,531,610,2,1,,,,,
1.5478E+12,186.583014,0.340581715,0.766118169,0.352892578,0.741649747,0.346737146,0.753883958,2,531,610,2,1,,,,,
1.5478E+12,186.594117,0.33956793,0.763368428,0.354413539,0.748710036,0.346990734,0.756039232,2,531,610,2,1,,,,,
1.5478E+12,186.60522,0.342582852,0.763332963,0.355570763,0.747205913,0.349076807,0.755269438,2,531,610,2,1,,,,,
1.5478E+12,186.616323,0.342311203,0.768441558,0.355573356,0.750710547,0.34894228,0.759576052,2,531,610,2,1,,,,,
1.5478E+12,186.627427,0.341805667,0.771300614,0.356622905,0.744615734,0.349214286,0.757958174,2,531,610,2,1,,,,,
1.5478E+12,186.63853,0.339983314,0.769106448,0.354534507,0.747282922,0.347258911,0.758194685,2,531,610,2,1,,,,,
1.5478E+12,186.649633,0.342554748,0.762898684,0.354097575,0.746592581,0.348326162,0.754745632,2,531,610,2,1,,,,,
1.5478E+12,186.660736,0.341123968,0.759755433,0.354920924,0.748113692,0.348022446,0.753934562,2,531,610,2,1,,,,,
1.5478E+12,186.67184,0.340112776,0.75652051,0.358396143,0.749179602,0.349254459,0.752850056,2,531,610,2,1,,,,,
1.5478E+12,186.682943,0.338496149,0.75338167,0.360630691,0.752545714,0.34956342,0.752963692,2,531,610,2,1,,,,,
1.5478E+12,186.694046,0.341300845,0.749104083,0.359074682,0.754938483,0.350187764,0.752021283,2,531,610,2,1,,,,,
1.5478E+12,186.70515,0.344422221,0.753964007,0.355493546,0.755809486,0.349957883,0.754886746,2,531,610,2,1,,,,,
1.5478E+12,186.716253,0.345104873,0.755873144,0.353850901,0.756756961,0.349477887,0.756315053,2,531,610,2,1,,,,,
1.5478E+12,186.727356,0.34616673,0.757240891,0.356669217,0.753156364,0.351417974,0.755198628,2,531,610,2,1,,,,,
1.5478E+12,186.738459,0.345561981,0.727517843,0.362427413,0.721773684,0.353994697,0.724645764,2,531,610,2,1,,,,,
1.5478E+12,186.749562,0.34447971,0.693498015,0.36438331,0.678782761,0.35443151,0.686140388,2,531,610,2,1,,,,,
1.5478E+12,186.760666,0.344323903,0.636073768,0.362352103,0.615701258,0.353338003,0.625887513,2,531,610,2,1,,,,,
1.5478E+12,186.77177,0.344517499,0.622542918,0.357139707,0.60734272,0.350828603,0.614942819,2,531,610,2,1,,,,,
1.5478E+12,186.782873,0.346853793,0.620853722,0.356485873,0.611681461,0.351669833,0.616267592,2,531,610,2,1,,,,,
1.5478E+12,186.793976,0.350990504,0.616746962,0.356606632,0.610972047,0.353798568,0.613859504,2,531,610,2,1,,,,,
1.5478E+12,186.805079,0.352135211,0.614167809,0.358606219,0.614668369,0.355370715,0.614418089,2,531,610,2,1,,,,,
1.5478E+12,186.816182,0.350810438,0.619100511,0.357705861,0.615642071,0.35425815,0.617371291,2,531,610,2,1,,,,,
1.5478E+12,186.827285,0.349047869,0.622398317,0.358421296,0.616799474,0.353734583,0.619598895,2,531,610,2,1,,,,,
1.54713E+12,193.567541,0.137305364,0.598236144,0.139654055,0.591668069,0.13847971,0.594952106,3,443,272,3,2,,,,,
1.54713E+12,193.578644,0.136280283,0.603209972,0.140247464,0.594331205,0.138263874,0.598770589,3,443,272,3,2,,,,,
1.54713E+12,193.589747,0.135615185,0.602967143,0.140160069,0.588256419,0.137887627,0.595611781,3,443,272,3,2,,,,,
1.54713E+12,193.600851,0.137303248,0.583275974,0.140160069,0.588256419,0.138731658,0.585766196,3,443,272,3,2,,,,,
1.54713E+12,193.611954,0.137747943,0.525409937,0.138555408,0.532896876,0.138151675,0.529153407,3,443,272,3,2,,,,,
1.54713E+12,193.623057,0.138212278,0.507141292,0.137173682,0.469771147,0.13769298,0.488456219,3,443,272,3,2,,,,,
1.54713E+12,193.63416,0.139614508,0.479816765,0.137173682,0.469771147,0.138394095,0.474793956,3,443,272,3,2,,,,,
1.54713E+12,193.645263,0.140112385,0.458979458,0.139186323,0.446438402,0.139649354,0.45270893,3,443,272,3,2,,,,,
1.54713E+12,193.656367,0.140290648,0.455263108,0.140473247,0.441035062,0.140381947,0.448149085,3,443,272,3,2,,,,,
1.54713E+12,193.667471,0.142538592,0.455605805,0.140473247,0.441035062,0.141505919,0.448320433,3,443,272,3,2,,,,,
1.54713E+12,193.678574,0.143074811,0.459385842,0.13738884,0.444954544,0.140231825,0.452170193,3,443,272,3,2,,,,,
1.54713E+12,193.689677,0.142661616,0.460624158,0.138324901,0.443991005,0.140493259,0.452307582,3,443,272,3,2,,,,,
1.54713E+12,193.70078,0.140195534,0.467460692,0.138324901,0.443991005,0.139260218,0.455725849,3,443,272,3,2,,,,,
1.54713E+12,193.711883,0.140163809,0.476355702,0.139317021,0.428248048,0.139740415,0.452301875,3,443,272,3,2,,,,,
1.54713E+12,193.722987,0.140795678,0.478628784,0.136930466,0.436622798,0.138863072,0.457625791,3,443,272,3,2,,,,,
1.54713E+12,193.73409,0.141461954,0.472480893,0.136930466,0.436622798,0.13919621,0.454551846,3,443,272,3,2,,,,,
1.54713E+12,193.745194,0.142423287,0.465516269,0.13652055,0.451438755,0.139471918,0.458477512,3,443,272,3,2,,,,,
1.54713E+12,193.756297,0.142866537,0.464141726,0.136663809,0.448474467,0.139765173,0.456308097,3,443,272,3,2,,,,,
1.54713E+12,193.7674,0.14202489,0.46628353,0.136663809,0.448474467,0.13934435,0.457378998,3,443,272,3,2,,,,,
1.54713E+12,193.778503,0.138507232,0.465152979,0.137217,0.430694163,0.137862116,0.447923571,3,443,272,3,2,,,,,
1.54713E+12,193.789607,0.138579085,0.462426931,0.135330975,0.42721054,0.13695503,0.444818735,3,443,272,3,2,,,,,
1.54713E+12,193.80071,0.135882333,0.461333096,0.135330975,0.42721054,0.135606654,0.444271818,3,443,272,3,2,,,,,
1.54713E+12,193.811813,0.135826692,0.45916754,0.135330975,0.42721054,0.135578834,0.44318904,3,443,272,3,2,,,,,
1.54713E+12,193.822916,0.136051968,0.459793985,0.138182312,0.432898015,0.13711714,0.446346,3,443,272,3,2,,,,,
1.54713E+12,193.83402,0.137046948,0.456935883,0.138182312,0.432898015,0.13761463,0.444916949,3,443,272,3,2,,,,,
1.54713E+12,193.845124,0.139470786,0.455691427,0.137440711,0.440504044,0.138455749,0.448097736,3,443,272,3,2,,,,,
1.54713E+12,193.856227,0.138194889,0.455396861,0.134904757,0.436082512,0.136549823,0.445739686,3,443,272,3,2,,,,,
1.54713E+12,193.86733,0.14077653,0.450966895,0.134904757,0.436082512,0.137840644,0.443524703,3,443,272,3,2,,,,,
1.54713E+12,193.878433,0.140435636,0.450684488,0.133110434,0.42405495,0.136773035,0.437369719,3,443,272,3,2,,,,,
1.54713E+12,193.889536,0.140970945,0.449647307,0.135168478,0.417925835,0.138069712,0.433786571,3,443,272,3,2,,,,,
1.54713E+12,193.900639,0.142316997,0.4516505,0.135168478,0.417925835,0.138742737,0.434788167,3,443,272,3,2,,,,,
1.54713E+12,193.911743,0.142460197,0.452277839,0.135168478,0.417925835,0.138814338,0.435101837,3,443,272,3,2,,,,,
1.54713E+12,193.922847,0.140800044,0.453397512,0.134629607,0.416409343,0.137714826,0.434903428,3,443,272,3,2,,,,,
1.54713E+12,193.93395,0.140427753,0.457541764,0.134629607,0.416409343,0.13752868,0.436975554,3,443,272,3,2,,,,,
1.54713E+12,193.945053,0.140795261,0.448245585,0.134709284,0.432059824,0.137752272,0.440152705,3,443,272,3,2,,,,,
1.54713E+12,193.956156,0.141644105,0.44937259,0.132907227,0.431041777,0.137275666,0.440207183,3,443,272,3,2,,,,,
1.54713E+12,193.96726,0.140435383,0.448120266,0.132907227,0.431041777,0.136671305,0.439581022,3,443,272,3,2,,,,,
1.54713E+12,193.978363,0.140034735,0.451352507,0.131382585,0.433187962,0.13570866,0.442270234,3,443,272,3,2,,,,,
1.54713E+12,193.989466,0.140746206,0.449164182,0.132873476,0.436509401,0.136809841,0.442836791,3,443,272,3,2,,,,,
1.54713E+12,194.000569,0.13914308,0.449697524,0.132873476,0.436509401,0.136008278,0.443103462,3,443,272,3,2,,,,,
1.54713E+12,194.011673,0.138227835,0.446015388,0.134007275,0.421016186,0.136117555,0.433515787,3,443,272,3,2,,,,,
1.54713E+12,194.022776,0.139406189,0.445016891,0.128365502,0.421345025,0.133885846,0.433180958,3,443,272,3,2,,,,,
1.54713E+12,194.03388,0.139162913,0.443701655,0.128365502,0.421345025,0.133764207,0.43252334,3,443,272,3,2,,,,,
1.54713E+12,194.044983,0.140777826,0.448194027,0.128365502,0.421345025,0.134571664,0.434769526,3,443,272,3,2,,,,,
1.54713E+12,194.056086,0.139629066,0.450981379,0.131006882,0.422150701,0.135317974,0.43656604,3,443,272,3,2,,,,,
1.54713E+12,194.067189,0.142546847,0.446188569,0.131006882,0.422150701,0.136776865,0.434169635,3,443,272,3,2,,,,,
1.54713E+12,194.078292,0.142415673,0.44518733,0.132168815,0.436174035,0.137292244,0.440680683,3,443,272,3,2,,,,,
1.54713E+12,194.089396,0.142875046,0.442445755,0.1331065,0.437865078,0.137990773,0.440155417,3,443,272,3,2,,,,,
1.54713E+12,194.1005,0.141758189,0.444450766,0.1331065,0.437865078,0.137432344,0.441157922,3,443,272,3,2,,,,,
1.54713E+12,194.111603,0.140632331,0.44708398,0.132882223,0.425532818,0.136757277,0.436308399,3,443,272,3,2,,,,,
1.54713E+12,194.122706,0.140788153,0.455320597,0.129461795,0.470775127,0.135124974,0.463047862,3,443,272,3,2,,,,,
1.54713E+12,194.133809,0.140197858,0.491007835,0.129461795,0.470775127,0.134829827,0.480891481,3,443,272,3,2,,,,,
1.54713E+12,194.144912,0.138401866,0.578877509,0.130319893,0.55405128,0.13436088,0.566464394,3,443,272,3,2,,,,,
1.54713E+12,194.156016,0.135306135,0.597382486,0.129173651,0.660190761,0.132239893,0.628786623,3,443,272,3,2,,,,,
1.54713E+12,194.167119,0.134986773,0.677865028,0.129173651,0.660190761,0.132080212,0.669027895,3,443,272,3,2,,,,,
1.54713E+12,194.178221,0.132379487,0.746400952,0.127169311,0.68305397,0.129774399,0.714727461,3,443,272,3,2,,,,,
1.54713E+12,194.189325,0.133691236,0.743135214,0.120949335,0.729561865,0.127320286,0.73634854,3,443,272,3,2,,,,,
1.54713E+12,194.200428,0.12944968,0.737894237,0.120949335,0.729561865,0.125199508,0.733728051,3,443,272,3,2,,,,,
1.54713E+12,194.211532,0.1307901,0.732179582,0.120949335,0.729561865,0.125869717,0.730870724,3,443,272,3,2,,,,,
1.54713E+12,194.222635,0.131010219,0.730187178,0.12208271,0.709443152,0.126546465,0.719815165,3,443,272,3,2,,,,,
1.54713E+12,194.233738,0.131477609,0.728547633,0.12208271,0.709443152,0.12678016,0.718995392,3,443,272,3,2,,,,,
1.54713E+12,194.244841,0.130330294,0.724503815,0.125404775,0.725965559,0.127867535,0.725234687,3,443,272,3,2,,,,,
1.54713E+12,194.255944,0.130282298,0.72323209,0.125950739,0.728503466,0.128116518,0.725867778,3,443,272,3,2,,,,,
1.54713E+12,194.267047,0.132095426,0.717718661,0.125950739,0.728503466,0.129023083,0.723111063,3,443,272,3,2,,,,,
1.54713E+12,194.278152,0.133480147,0.715104818,0.123174623,0.714518905,0.128327385,0.714811862,3,443,272,3,2,,,,,
1.54713E+12,194.289255,0.133455098,0.715261936,0.122584358,0.707979321,0.128019728,0.711620629,3,443,272,3,2,,,,,
1.54713E+12,194.300358,0.132906675,0.711951792,0.122584358,0.707979321,0.127745517,0.709965557,3,443,272,3,2,,,,,
1.54713E+12,194.311461,0.133351311,0.713483095,0.122584358,0.707979321,0.127967834,0.710731208,3,443,272,3,2,,,,,
1.54713E+12,194.322564,0.133058414,0.715281546,0.12673229,0.712400973,0.129895352,0.713841259,3,443,272,3,2,,,,,
1.54713E+12,194.333668,0.133988321,0.725337744,0.12673229,0.712400973,0.130360305,0.718869358,3,443,272,3,2,,,,,
1.54713E+12,194.344771,0.13546969,0.740240991,0.131148875,0.739367008,0.133309282,0.739804,3,443,272,3,2,,,,,
1.54713E+12,194.355874,0.136404842,0.743638039,0.135647893,0.749047816,0.136026368,0.746342927,3,443,272,3,2,,,,,
1.54713E+12,194.366978,0.1379181,0.747404158,0.135647893,0.749047816,0.136782996,0.748225987,3,443,272,3,2,,,,,
1.54713E+12,194.378081,0.139654234,0.747563779,0.135730326,0.731762528,0.13769228,0.739663154,3,443,272,3,2,,,,,
1.54713E+12,194.389184,0.138905585,0.749257147,0.133495554,0.74169153,0.13620057,0.745474339,3,443,272,3,2,,,,,
1.54713E+12,194.400288,0.141637638,0.751894534,0.133495554,0.74169153,0.137566596,0.746793032,3,443,272,3,2,,,,,
1.54713E+12,194.411391,0.140504703,0.75311929,0.135093391,0.755569875,0.137799047,0.754344583,3,443,272,3,2,,,,,
1.54713E+12,194.422494,0.140452608,0.750589013,0.133198813,0.752523482,0.136825711,0.751556247,3,443,272,3,2,,,,,
1.54713E+12,194.433596,0.137406558,0.751810849,0.133198813,0.752523482,0.135302685,0.752167165,3,443,272,3,2,,,,,
1.54713E+12,194.444699,0.139648587,0.749713182,0.135210797,0.752073705,0.137429692,0.750893444,3,443,272,3,2,,,,,
1.54713E+12,194.455804,0.14090082,0.750501513,0.138622046,0.750816524,0.139761433,0.750659019,3,443,272,3,2,,,,,
1.54713E+12,194.466907,0.143392041,0.747964859,0.138622046,0.750816524,0.141007043,0.749390692,3,443,272,3,2,,,,,
1.54713E+12,194.47801,0.144290805,0.745611012,0.138532087,0.749680281,0.141411446,0.747645646,3,443,272,3,2,,,,,
1.54713E+12,194.489113,0.143651068,0.746711195,0.138044193,0.748409212,0.140847631,0.747560203,3,443,272,3,2,,,,,
1.54713E+12,194.500216,0.142452374,0.74676013,0.138044193,0.748409212,0.140248284,0.747584671,3,443,272,3,2,,,,,
1.54713E+12,194.51132,0.142362788,0.751242101,0.13752313,0.743732512,0.139942959,0.747487307,3,443,272,3,2,,,,,
1.54713E+12,194.522423,0.142230496,0.751320362,0.138362139,0.745030046,0.140296318,0.748175204,3,443,272,3,2,,,,,
1.54713E+12,194.533526,0.144569024,0.762323678,0.138362139,0.745030046,0.141465582,0.753676862,3,443,272,3,2,,,,,
1.54713E+12,194.54463,0.144389704,0.765414178,0.138661146,0.74622798,0.141525425,0.755821079,3,443,272,3,2,,,,,
1.54713E+12,194.555733,0.145116404,0.766443431,0.137899086,0.745721638,0.141507745,0.756082535,3,443,272,3,2,,,,,
1.54713E+12,194.566836,0.142844945,0.761739314,0.137899086,0.745721638,0.140372016,0.753730476,3,443,272,3,2,,,,,
1.54713E+12,194.57794,0.142444596,0.760512888,0.136951342,0.746999383,0.139697969,0.753756136,3,443,272,3,2,,,,,
1.54713E+12,194.589043,0.142475486,0.759107053,0.134817839,0.747374475,0.138646662,0.753240764,3,443,272,3,2,,,,,
1.54713E+12,194.600146,0.142608553,0.760239065,0.134817839,0.747374475,0.138713196,0.75380677,3,443,272,3,2,,,,,
1.54713E+12,194.611249,0.141511634,0.758550525,0.134660423,0.751804709,0.138086028,0.755177617,3,443,272,3,2,,,,,
1.54713E+12,194.622352,0.141661197,0.758113801,0.134837061,0.751934648,0.138249129,0.755024225,3,443,272,3,2,,,,,
1.54713E+12,194.633457,0.140363961,0.750876009,0.134837061,0.751934648,0.137600511,0.751405329,3,443,272,3,2,,,,,
1.54713E+12,194.64456,0.140394375,0.7508955,0.136739552,0.75151974,0.138566963,0.75120762,3,443,272,3,2,,,,,
1.54713E+12,194.655663,0.140229613,0.750786185,0.139286637,0.753695667,0.139758125,0.752240926,3,443,272,3,2,,,,,
1.54713E+12,194.666766,0.137429744,0.748642266,0.139286637,0.753695667,0.138358191,0.751168966,3,443,272,3,2,,,,,
1.54713E+12,194.677868,0.135831833,0.735844672,0.141159639,0.738854647,0.138495736,0.737349659,3,443,272,3,2,,,,,
1.54713E+12,194.688971,0.133803159,0.735129476,0.142924428,0.688663602,0.138363793,0.711896539,3,443,272,3,2,,,,,
1.54713E+12,194.700075,0.137825519,0.684659779,0.142924428,0.688663602,0.140374973,0.68666169,3,443,272,3,2,,,,,
1.54713E+12,194.711178,0.138988703,0.609940827,0.140361726,0.622339785,0.139675215,0.616140306,3,443,272,3,2,,,,,
1.54713E+12,194.722282,0.14041315,0.606724381,0.138908774,0.588103592,0.139660962,0.597413987,3,443,272,3,2,,,,,
1.54713E+12,194.733385,0.139973432,0.599867702,0.138908774,0.588103592,0.139441103,0.593985647,3,443,272,3,2,,,,,
1.54713E+12,194.744488,0.140006006,0.597355127,0.139154643,0.584049642,0.139580324,0.590702385,3,443,272,3,2,,,,,
1.54713E+12,194.755592,0.140644997,0.59660095,0.136121869,0.587281466,0.138383433,0.591941208,3,443,272,3,2,,,,,
1.54713E+12,194.766695,0.139741659,0.603526056,0.136121869,0.587281466,0.137931764,0.595403761,3,443,272,3,2,,,,,
1.54713E+12,226.45878,0.251021236,0.220473722,0.267801255,0.215484664,0.259411246,0.217979193,4,230,356,4,3,,,,,
1.54713E+12,226.469884,0.250658095,0.218017548,0.267884165,0.216599762,0.25927113,0.217308655,4,230,356,4,3,,,,,
1.54713E+12,226.480987,0.252215892,0.230530143,0.266776443,0.218224972,0.259496167,0.224377558,4,230,356,4,3,,,,,
1.54713E+12,226.49209,0.254344165,0.252569109,0.267944396,0.235473916,0.26114428,0.244021513,4,230,356,4,3,,,,,
1.54713E+12,226.503193,0.254205227,0.27565518,0.267245859,0.269543469,0.260725543,0.272599325,4,230,356,4,3,,,,,
1.54713E+12,226.514297,0.25285849,0.312872529,0.265007526,0.308826983,0.258933008,0.310849756,4,230,356,4,3,,,,,
1.54713E+12,226.5254,0.251104057,0.346243024,0.261962801,0.339175075,0.256533429,0.34270905,4,230,356,4,3,,,,,
1.54713E+12,226.536504,0.249335125,0.351587385,0.25972876,0.351613492,0.254531942,0.351600438,4,230,356,4,3,,,,,
1.54713E+12,226.547607,0.248759583,0.351760507,0.260753632,0.351467609,0.254756607,0.351614058,4,230,356,4,3,,,,,
1.54713E+12,226.55871,0.25037384,0.35069257,0.261540264,0.35297507,0.255957052,0.35183382,4,230,356,4,3,,,,,
1.54713E+12,226.569813,0.250177413,0.356457949,0.263875902,0.350418806,0.257026657,0.353438377,4,230,356,4,3,,,,,
1.54713E+12,226.580916,0.250076443,0.354093701,0.263425469,0.349339247,0.256750956,0.351716474,4,230,356,4,3,,,,,
1.54713E+12,226.592019,0.248792589,0.352586985,0.263775438,0.346220464,0.256284013,0.349403724,4,230,356,4,3,,,,,
1.54713E+12,226.603124,0.249421746,0.350646555,0.263806164,0.344426394,0.256613955,0.347536474,4,230,356,4,3,,,,,
1.54713E+12,226.614227,0.247588769,0.351819456,0.263461322,0.344141006,0.255525045,0.347980231,4,230,356,4,3,,,,,
1.54713E+12,226.62533,0.248686388,0.352700204,0.263174176,0.342831522,0.255930282,0.347765863,4,230,356,4,3,,,,,
1.54713E+12,226.636433,0.248737901,0.34864679,0.261075824,0.343186587,0.254906863,0.345916688,4,230,356,4,3,,,,,
1.54713E+12,226.647536,0.250590563,0.35010618,0.262824863,0.343195468,0.256707713,0.346650824,4,230,356,4,3,,,,,
1.54713E+12,226.65864,0.248164877,0.347876072,0.262542576,0.344428539,0.255353726,0.346152306,4,230,356,4,3,,,,,
1.54713E+12,226.669743,0.249935552,0.348251075,0.262936592,0.343380034,0.256436072,0.345815554,4,230,356,4,3,,,,,
1.54713E+12,226.680846,0.25346452,0.345217556,0.263248354,0.342560738,0.258356437,0.343889147,4,230,356,4,3,,,,,
1.54713E+12,226.69195,0.253479719,0.347435802,0.26288867,0.344504267,0.258184195,0.345970035,4,230,356,4,3,,,,,
1.54713E+12,226.703053,0.251153529,0.345951527,0.261416852,0.346924782,0.256285191,0.346438155,4,230,356,4,3,,,,,
1.54713E+12,226.714156,0.247758552,0.346049279,0.26063326,0.350886106,0.254195906,0.348467693,4,230,356,4,3,,,,,
1.54713E+12,226.72526,0.248339489,0.34310323,0.26178214,0.348264068,0.255060814,0.345683649,4,230,356,4,3,,,,,
1.54713E+12,226.736363,0.250258148,0.345983863,0.261530936,0.346568614,0.255894542,0.346276239,4,230,356,4,3,,,,,
1.54713E+12,226.747466,0.253546447,0.346257269,0.263758868,0.342066824,0.258652657,0.344162047,4,230,356,4,3,,,,,
1.54713E+12,226.758569,0.252818763,0.349637866,0.262806296,0.342879385,0.25781253,0.346258625,4,230,356,4,3,,,,,
1.54713E+12,226.769672,0.251708895,0.346095204,0.264463186,0.342484981,0.258086041,0.344290093,4,230,356,4,3,,,,,
1.54713E+12,226.780776,0.24832873,0.349219054,0.261740804,0.343857914,0.255034767,0.346538484,4,230,356,4,3,,,,,
1.54713E+12,226.79188,0.249265566,0.346198648,0.262949049,0.342469245,0.256107308,0.344333947,4,230,356,4,3,,,,,
1.54713E+12,226.802982,0.249772295,0.349972248,0.263331532,0.343569368,0.256551914,0.346770808,4,230,356,4,3,,,,,
1.54713E+12,226.814085,0.251084536,0.347379118,0.26504159,0.342053026,0.258063063,0.344716072,4,230,356,4,3,,,,,
1.54713E+12,226.825188,0.249895588,0.348691851,0.264308184,0.341332465,0.257101886,0.345012158,4,230,356,4,3,,,,,
1.54713E+12,226.836291,0.250001341,0.345210135,0.265068561,0.341879696,0.257534951,0.343544915,4,230,356,4,3,,,,,
1.54713E+12,226.847395,0.251419038,0.351135284,0.264583886,0.34482801,0.258001462,0.347981647,4,230,356,4,3,,,,,
1.54713E+12,226.858498,0.252225012,0.353429437,0.265448451,0.344614834,0.258836731,0.349022135,4,230,356,4,3,,,,,
1.54713E+12,226.869602,0.250708848,0.357213408,0.265851885,0.345854968,0.258280367,0.351534188,4,230,356,4,3,,,,,
1.54713E+12,226.880705,0.244330496,0.354619056,0.26680851,0.344188601,0.255569503,0.349403828,4,230,356,4,3,,,,,
1.54713E+12,226.891808,0.244139552,0.353093475,0.266073883,0.344674528,0.255106717,0.348884001,4,230,356,4,3,,,,,
1.54713E+12,226.902911,0.244120166,0.354489267,0.264852554,0.344094306,0.25448636,0.349291787,4,230,356,4,3,,,,,
1.54713E+12,226.914015,0.245985478,0.355946094,0.263159245,0.344872266,0.254572362,0.35040918,4,230,356,4,3,,,,,
1.54713E+12,226.925118,0.245240241,0.355268151,0.263358533,0.345668793,0.254299387,0.350468472,4,230,356,4,3,,,,,
1.54713E+12,226.936221,0.244578585,0.350509971,0.263057351,0.345663458,0.253817968,0.348086715,4,230,356,4,3,,,,,
1.54713E+12,226.947324,0.242978141,0.351271302,0.26474607,0.343398422,0.253862105,0.347334862,4,230,356,4,3,,,,,
1.54713E+12,226.958428,0.243052334,0.352604747,0.263611436,0.343438208,0.253331885,0.348021477,4,230,356,4,3,,,,,
1.54713E+12,226.969531,0.242528319,0.355837554,0.263370425,0.343109757,0.252949372,0.349473655,4,230,356,4,3,,,,,
1.54713E+12,226.980635,0.245423242,0.34929359,0.26354897,0.34435764,0.254486106,0.346825615,4,230,356,4,3,,,,,
1.54713E+12,226.991738,0.244744256,0.344035447,0.263489634,0.346571624,0.254116945,0.345303535,4,230,356,4,3,,,,,
1.54713E+12,227.002841,0.24486737,0.339690298,0.263505042,0.34645015,0.254186206,0.343070224,4,230,356,4,3,,,,,
1.54713E+12,227.013944,0.243262991,0.335437626,0.263974398,0.339716703,0.253618695,0.337577164,4,230,356,4,3,,,,,
1.54713E+12,227.025047,0.242276803,0.314266294,0.264985979,0.321891248,0.253631391,0.318078771,4,230,356,4,3,,,,,
1.54713E+12,227.036151,0.241095021,0.311630458,0.267066807,0.277746916,0.254080914,0.294688687,4,230,356,4,3,,,,,
1.54713E+12,227.047255,0.242705137,0.238271371,0.267033845,0.227297917,0.254869491,0.232784644,4,230,356,4,3,,,,,
1.54713E+12,227.058358,0.242316142,0.163410544,0.269506425,0.165521696,0.255911283,0.16446612,4,230,356,4,3,,,,,
1.54713E+12,227.069461,0.243273914,0.154063657,0.270291328,0.126303688,0.256782621,0.140183672,4,230,356,4,3,,,,,
1.54713E+12,227.080564,0.246298984,0.141061589,0.271131694,0.099284723,0.258715339,0.120173156,4,230,356,4,3,,,,,
1.54713E+12,227.091667,0.249660075,0.128646195,0.270859689,0.091145679,0.260259882,0.109895937,4,230,356,4,3,,,,,
1.54713E+12,227.102771,0.251932353,0.128842875,0.270973802,0.091843829,0.261453077,0.110343352,4,230,356,4,3,,,,,
1.54713E+12,227.113874,0.251424342,0.12874417,0.269023359,0.096101478,0.260223851,0.112422824,4,230,356,4,3,,,,,
1.54713E+12,227.124977,0.252103865,0.133748114,0.268896967,0.094323106,0.260500416,0.11403561,4,230,356,4,3,,,,,
1.54713E+12,227.136081,0.253402025,0.13489981,0.268250048,0.097490579,0.260826036,0.116195194,4,230,356,4,3,,,,,
1.54713E+12,227.147184,0.25532338,0.139945969,0.266754925,0.098071314,0.261039153,0.119008642,4,230,356,4,3,,,,,
1.54713E+12,227.158287,0.25594902,0.13959913,0.266573995,0.097594902,0.261261508,0.118597016,4,230,356,4,3,,,,,
1.54713E+12,227.169391,0.256422698,0.140115857,0.266499132,0.097565971,0.261460915,0.118840914,4,230,356,4,3,,,,,
1.54713E+12,227.180494,0.255604029,0.137548953,0.266690671,0.098335691,0.26114735,0.117942322,4,230,356,4,3,,,,,
1.54713E+12,227.191597,0.254947692,0.137822539,0.266499102,0.099411555,0.260723397,0.118617047,4,230,356,4,3,,,,,
1.54713E+12,227.2027,0.254348487,0.128213793,0.267580062,0.088889718,0.260964274,0.108551756,4,230,356,4,3,,,,,
1.54713E+12,227.213803,0.252694696,0.118498929,0.267852038,0.078661107,0.260273367,0.098580018,4,230,356,4,3,,,,,
1.54713E+12,227.224907,0.250611454,0.109005846,0.26819706,0.072430715,0.259404257,0.090718281,4,230,356,4,3,,,,,
1.54713E+12,227.236011,0.248954952,0.110585719,0.268466532,0.070615709,0.258710742,0.090600714,4,230,356,4,3,,,,,
1.54713E+12,227.247114,0.251745313,0.108677074,0.269991249,0.068319738,0.260868281,0.088498406,4,230,356,4,3,,,,,
1.54713E+12,227.258217,0.253787726,0.110565506,0.27037105,0.067926407,0.262079388,0.089245956,4,230,356,4,3,,,,,
1.54713E+12,227.26932,0.254331827,0.110447034,0.269831955,0.066194996,0.262081891,0.088321015,4,230,356,4,3,,,,,
1.54713E+12,227.280423,0.252357483,0.111924164,0.269705623,0.068617553,0.261031553,0.090270858,4,230,356,4,3,,,,,
1.54713E+12,227.291527,0.250287652,0.110405959,0.269332945,0.069295354,0.259810299,0.089850657,4,230,356,4,3,,,,,
1.54713E+12,227.30263,0.250524938,0.110871188,0.268453985,0.072256923,0.259489462,0.091564056,4,230,356,4,3,,,,,
1.54713E+12,227.313734,0.25168699,0.105959535,0.267944366,0.071770698,0.259815678,0.088865116,4,230,356,4,3,,,,,
1.54713E+12,227.324837,0.254688442,0.111470647,0.26774177,0.072379693,0.261215106,0.09192517,4,230,356,4,3,,,,,
1.54713E+12,227.33594,0.254762858,0.110769421,0.268143892,0.072410546,0.261453375,0.091589984,4,230,356,4,3,,,,,
1.54713E+12,227.347043,0.255437255,0.109635323,0.268894583,0.075025,0.262165919,0.092330161,4,230,356,4,3,,,,,
1.54713E+12,227.358147,0.254644126,0.10884925,0.268622041,0.073846817,0.261633083,0.091348033,4,230,356,4,3,,,,,
1.54713E+12,227.36925,0.255374193,0.111479618,0.268141001,0.075856484,0.261757597,0.093668051,4,230,356,4,3,,,,,
1.54713E+12,227.380353,0.253126889,0.116680965,0.266120732,0.071428902,0.259623811,0.094054934,4,230,356,4,3,,,,,
1.54713E+12,227.391456,0.252450228,0.110193767,0.266736209,0.071187116,0.259593219,0.090690441,4,230,356,4,3,,,,,
1.54713E+12,227.40256,0.2514112,0.106967054,0.267952681,0.065973781,0.25968194,0.086470418,4,230,356,4,3,,,,,
1.54713E+12,227.413663,0.253199816,0.105113432,0.269924223,0.066202573,0.26156202,0.085658003,4,230,356,4,3,,,,,
1.54713E+12,227.424767,0.253299654,0.106474414,0.269638479,0.064471796,0.261469066,0.085473105,4,230,356,4,3,,,,,
1.54713E+12,227.43587,0.253893614,0.106029801,0.269227803,0.065654784,0.261560708,0.085842293,4,230,356,4,3,,,,,
1.54713E+12,227.446973,0.253770977,0.107507087,0.268599778,0.067864284,0.261185378,0.087685686,4,230,356,4,3,,,,,
1.54713E+12,227.458076,0.254873037,0.10624329,0.268903702,0.06870088,0.26188837,0.087472085,4,230,356,4,3,,,,,
1.54713E+12,227.469179,0.25416109,0.107590832,0.268584728,0.06851761,0.261372909,0.088054221,4,230,356,4,3,,,,,
1.54713E+12,227.480283,0.254852772,0.107797839,0.268624693,0.068249486,0.261738732,0.088023663,4,230,356,4,3,,,,,
1.54713E+12,227.491387,0.255429268,0.11133261,0.268041044,0.068650611,0.261735156,0.08999161,4,230,356,4,3,,,,,
1.54713E+12,227.50249,0.256693006,0.111271583,0.266197354,0.068819389,0.26144518,0.090045486,4,230,356,4,3,,,,,
1.54713E+12,227.513593,0.256666481,0.105928227,0.266821265,0.066971354,0.261743873,0.086449791,4,230,356,4,3,,,,,
1.54713E+12,227.524696,0.256014645,0.106236622,0.267235696,0.06654799,0.261625171,0.086392306,4,230,356,4,3,,,,,
1.54713E+12,227.535799,0.256634533,0.104307003,0.269302428,0.066996872,0.262968481,0.085651938,4,230,356,4,3,,,,,
1.54713E+12,227.546903,0.253603309,0.10898535,0.269728601,0.06659399,0.261665955,0.08778967,4,230,356,4,3,,,,,
1.54713E+12,227.558006,0.25475505,0.109949484,0.269898474,0.068213642,0.262326762,0.089081563,4,230,356,4,3,,,,,
1.54713E+12,227.569109,0.253268778,0.110368937,0.270022631,0.071304038,0.261645705,0.090836488,4,230,356,4,3,,,,,
1.54713E+12,227.580213,0.254567713,0.113861904,0.268636137,0.071865842,0.261601925,0.092863873,4,230,356,4,3,,,,,
1.54713E+12,227.591316,0.254234463,0.11164476,0.268795699,0.069659516,0.261515081,0.090652138,4,230,356,4,3,,,,,
1.54713E+12,227.602419,0.255462527,0.111398757,0.267239034,0.067295998,0.261350781,0.089347377,4,230,356,4,3,,,,,
1.54713E+12,227.613523,0.25576812,0.109956078,0.268509775,0.070407152,0.262138948,0.090181615,4,230,356,4,3,,,,,
1.54713E+12,227.624626,0.254334658,0.109624326,0.267658502,0.068572,0.26099658,0.089098163,4,230,356,4,3,,,,,
1.54713E+12,227.635729,0.253980845,0.109310545,0.268081218,0.066649988,0.261031032,0.087980267,4,230,356,4,3,,,,,
1.54713E+12,227.646832,0.255809337,0.111048855,0.266756475,0.064438559,0.261282906,0.087743707,4,230,356,4,3,,,,,
1.54713E+12,227.657935,0.258230031,0.111452691,0.267813742,0.064628385,0.263021886,0.088040538,4,230,356,4,3,,,,,
1.54713E+12,227.669039,0.258029968,0.11170987,0.268773884,0.065711476,0.263401926,0.088710673,4,230,356,4,3,,,,,
1.54713E+12,227.680143,0.258007467,0.108818159,0.269532561,0.064264901,0.263770014,0.08654153,4,230,356,4,3,,,,,
1.54713E+12,227.691246,0.256450474,0.10800802,0.269852519,0.065195538,0.263151497,0.086601779,4,230,356,4,3,,,,,
1.54713E+12,227.702349,0.256733984,0.109287605,0.270492822,0.064282179,0.263613403,0.086784892,4,230,356,4,3,,,,,
1.54713E+12,227.713452,0.25568831,0.108503036,0.269756019,0.068027876,0.262722164,0.088265456,4,230,356,4,3,,,,,
1.54713E+12,227.724555,0.250908554,0.126130044,0.266967624,0.083678916,0.258938089,0.10490448,4,230,356,4,3,,,,,
1.54713E+12,227.735658,0.248720273,0.147965655,0.263413638,0.115137428,0.256066956,0.131551541,4,230,356,4,3,,,,,
1.54713E+12,227.746762,0.246896043,0.18356593,0.263525009,0.15441671,0.255210526,0.16899132,4,230,356,4,3,,,,,
1.54713E+12,227.757866,0.248662606,0.213067144,0.262409508,0.183558941,0.255536057,0.198313043,4,230,356,4,3,,,,,
1.54713E+12,227.768969,0.248027384,0.220192194,0.262427032,0.199805662,0.255227208,0.209998928,4,230,356,4,3,,,,,
1.54713E+12,227.780072,0.24915266,0.226022378,0.259504169,0.203234062,0.254328415,0.21462822,4,230,356,4,3,,,,,
1.54713E+12,227.791175,0.250377834,0.227005363,0.260239899,0.208160877,0.255308867,0.21758312,4,230,356,4,3,,,,,
1.54774E+12,187.82206,0.700298071,0.457302749,0.678839326,0.428276598,0.689568698,0.442789674,5,563,304,5,4,,,,,
1.54774E+12,187.833163,0.698319137,0.45526281,0.681075037,0.427236676,0.689697087,0.441249743,5,563,304,5,4,,,,,
1.54774E+12,187.844267,0.698526084,0.451634079,0.681432307,0.4261159,0.689979196,0.43887499,5,563,304,5,4,,,,,
1.54774E+12,187.855371,0.696469784,0.444893837,0.681180656,0.422447175,0.68882522,0.433670506,5,563,304,5,4,,,,,
1.54774E+12,187.866474,0.697495341,0.443063527,0.681141734,0.419520169,0.689318538,0.431291848,5,563,304,5,4,,,,,
1.54774E+12,187.877577,0.696777284,0.444560796,0.682099223,0.418911815,0.689438254,0.431736305,5,563,304,5,4,,,,,
1.54774E+12,187.88868,0.692055523,0.451034546,0.682234228,0.419504911,0.687144876,0.435269728,5,563,304,5,4,,,,,
1.54774E+12,187.899783,0.691822648,0.454988033,0.680381238,0.420504361,0.686101943,0.437746197,5,563,304,5,4,,,,,
1.54774E+12,187.910886,0.694730043,0.459084839,0.679803193,0.416573972,0.687266618,0.437829405,5,563,304,5,4,,,,,
1.54774E+12,187.921989,0.696518302,0.459660947,0.680117369,0.418220222,0.688317835,0.438940585,5,563,304,5,4,,,,,
1.54774E+12,187.933094,0.687290311,0.459280133,0.676336586,0.418534666,0.681813449,0.4389074,5,563,304,5,4,,,,,
1.54774E+12,187.944197,0.637987435,0.457396239,0.646685004,0.425319403,0.64233622,0.441357821,5,563,304,5,4,,,,,
1.54774E+12,187.9553,0.604999006,0.457524538,0.632024109,0.421749294,0.618511558,0.439636916,5,563,304,5,4,,,,,
1.54774E+12,187.966403,0.532587051,0.458188355,0.537676394,0.446156353,0.535131723,0.452172354,5,563,304,5,4,,,,,
1.54774E+12,187.977506,0.483493507,0.459563196,0.48178491,0.451926202,0.482639208,0.455744699,5,563,304,5,4,,,,,
1.54774E+12,187.988609,0.496376455,0.466295481,0.488273501,0.452210605,0.492324978,0.459253043,5,563,304,5,4,,,,,
1.54774E+12,187.999713,0.50641948,0.467329174,0.495048881,0.444232732,0.50073418,0.455780953,5,563,304,5,4,,,,,
1.54774E+12,188.010816,0.509903491,0.473146051,0.496008635,0.443680912,0.502956063,0.458413482,5,563,304,5,4,,,,,
1.54774E+12,188.02192,0.511301696,0.470884234,0.496798664,0.440865934,0.50405018,0.455875084,5,563,304,5,4,,,,,
1.54774E+12,188.033023,0.51117444,0.470216572,0.500128329,0.44594866,0.505651385,0.458082616,5,563,304,5,4,,,,,
1.54774E+12,188.044126,0.511947811,0.466348618,0.500490963,0.44784373,0.506219387,0.457096174,5,563,304,5,4,,,,,
1.54774E+12,188.055229,0.508903623,0.465397954,0.499405652,0.454557091,0.504154637,0.459977522,5,563,304,5,4,,,,,
1.54774E+12,188.066332,0.510514557,0.465825856,0.496835738,0.456093937,0.503675148,0.460959896,5,563,304,5,4,,,,,
1.54774E+12,188.077436,0.511067867,0.469478577,0.498159021,0.452661872,0.504613444,0.461070225,5,563,304,5,4,,,,,
1.54774E+12,188.088539,0.512238085,0.468625009,0.502486169,0.449884921,0.507362127,0.459254965,5,563,304,5,4,,,,,
1.54774E+12,188.099642,0.511423469,0.464944303,0.500847638,0.443231046,0.506135553,0.454087675,5,563,304,5,4,,,,,
1.54774E+12,188.110746,0.5136289,0.464494973,0.499462366,0.443931401,0.506545633,0.454213187,5,563,304,5,4,,,,,
1.54774E+12,188.121849,0.516032398,0.464799404,0.496837497,0.441854656,0.506434947,0.45332703,5,563,304,5,4,,,,,
1.54774E+12,188.132952,0.514887452,0.46845445,0.498882949,0.442274302,0.506885201,0.455364376,5,563,304,5,4,,,,,
1.54774E+12,188.144055,0.51463747,0.466264486,0.500167191,0.445368677,0.507402331,0.455816582,5,563,304,5,4,,,,,
1.54774E+12,188.155159,0.513481081,0.46876049,0.502883196,0.445393562,0.508182138,0.457077026,5,563,304,5,4,,,,,
1.54774E+12,188.166262,0.516184747,0.467252195,0.505278289,0.445816875,0.510731518,0.456534535,5,563,304,5,4,,,,,
1.54774E+12,188.177365,0.514303207,0.46987623,0.505411148,0.442589283,0.509857178,0.456232756,5,563,304,5,4,,,,,
1.54774E+12,188.188468,0.513956785,0.465578645,0.502585888,0.441398829,0.508271337,0.453488737,5,563,304,5,4,,,,,
1.54774E+12,188.199572,0.51570034,0.467717499,0.502567053,0.439529687,0.509133697,0.453623593,5,563,304,5,4,,,,,
1.54774E+12,188.210675,0.516636491,0.464052349,0.504456401,0.440688848,0.510546446,0.452370599,5,563,304,5,4,,,,,
1.54774E+12,188.221779,0.514574707,0.466733515,0.500996768,0.439996541,0.507785738,0.453365028,5,563,304,5,4,,,,,
1.54774E+12,188.232882,0.515690327,0.465913862,0.499844819,0.441764653,0.507767573,0.453839257,5,563,304,5,4,,,,,
1.54774E+12,188.243985,0.514715254,0.466081709,0.499482691,0.443270802,0.507098973,0.454676256,5,563,304,5,4,,,,,
1.54774E+12,188.255088,0.517061174,0.464848429,0.502084851,0.444165587,0.509573013,0.454507008,5,563,304,5,4,,,,,
1.54774E+12,188.266191,0.516504884,0.463160366,0.502780735,0.446823686,0.50964281,0.454992026,5,563,304,5,4,,,,,
1.54774E+12,188.277294,0.516646981,0.465515614,0.50174427,0.445932806,0.509195626,0.45572421,5,563,304,5,4,,,,,
1.54774E+12,188.288398,0.533784688,0.464289606,0.520058692,0.445621669,0.52692169,0.454955637,5,563,304,5,4,,,,,
1.54774E+12,188.299502,0.561134338,0.467606306,0.55788058,0.44033289,0.559507459,0.453969598,5,563,304,5,4,,,,,
1.54774E+12,188.310605,0.605424464,0.465829194,0.59695065,0.440280318,0.601187557,0.453054756,5,563,304,5,4,,,,,
1.54774E+12,188.321708,0.618776441,0.464983672,0.610616744,0.437722683,0.614696592,0.451353177,5,563,304,5,4,,,,,
1.54774E+12,188.332811,0.618012309,0.462503582,0.603150487,0.437494636,0.610581398,0.449999109,5,563,304,5,4,,,,,
1.54774E+12,188.343914,0.615989685,0.460962743,0.598347485,0.438247621,0.607168585,0.449605182,5,563,304,5,4,,,,,
1.54774E+12,188.355017,0.617875576,0.462956905,0.595941484,0.436173469,0.60690853,0.449565187,5,563,304,5,4,,,,,
1.54774E+12,188.36612,0.616467714,0.462941915,0.597271502,0.436215937,0.606869608,0.449578926,5,563,304,5,4,,,,,
1.54774E+12,188.377225,0.618136287,0.464209825,0.59633106,0.435069352,0.607233673,0.449639589,5,563,304,5,4,,,,,
1.54774E+12,188.388328,0.617971361,0.46481815,0.5944888,0.435830414,0.60623008,0.450324282,5,563,304,5,4,,,,,
1.54713E+12,288.648349,0.231009543,0.370264649,0.245273292,0.384349018,0.238141418,0.377306834,6,563,57,6,5,,,,,
1.54713E+12,288.659453,0.229865924,0.369323462,0.24486883,0.382661313,0.237367377,0.375992388,6,563,57,6,5,,,,,
1.54713E+12,288.670556,0.22931695,0.372366339,0.246115625,0.376877308,0.237716287,0.374621823,6,563,57,6,5,,,,,
1.54713E+12,288.681659,0.210060149,0.372292727,0.237157121,0.376216739,0.223608635,0.374254733,6,563,57,6,5,,,,,
1.54713E+12,288.692763,0.205190837,0.378807604,0.235764146,0.381077111,0.220477492,0.379942358,6,563,57,6,5,,,,,
1.54713E+12,288.703866,0.169204533,0.374459118,0.189067453,0.390431851,0.179135993,0.382445484,6,563,57,6,5,,,,,
1.54713E+12,288.714969,0.14294003,0.373540491,0.159176528,0.385663778,0.151058279,0.379602134,6,563,57,6,5,,,,,
1.54713E+12,288.726073,0.146276906,0.375234842,0.158048451,0.383621991,0.152162679,0.379428416,6,563,57,6,5,,,,,
1.54713E+12,288.737176,0.14927128,0.375482768,0.157554626,0.384224921,0.153412953,0.379853845,6,563,57,6,5,,,,,
1.54713E+12,288.748279,0.150982901,0.377891839,0.158932716,0.383512378,0.154957809,0.380702108,6,563,57,6,5,,,,,
1.54713E+12,288.759382,0.150342956,0.379533142,0.158862919,0.380444586,0.154602937,0.379988864,6,563,57,6,5,,,,,
1.54713E+12,288.770485,0.149942547,0.382773727,0.159594208,0.381458551,0.154768378,0.382116139,6,563,57,6,5,,,,,
1.54713E+12,288.781589,0.150277123,0.385848135,0.15806067,0.38436535,0.154168896,0.385106742,6,563,57,6,5,,,,,
1.54713E+12,288.792693,0.150463641,0.385964334,0.159869552,0.386347026,0.155166596,0.38615568,6,563,57,6,5,,,,,
1.54713E+12,288.803796,0.151301533,0.38132745,0.161131725,0.383630127,0.156216629,0.382478788,6,563,57,6,5,,,,,
1.54713E+12,288.814899,0.151503608,0.372143865,0.162903711,0.38278538,0.157203659,0.377464622,6,563,57,6,5,,,,,
1.54713E+12,288.826002,0.153079778,0.366948545,0.160822645,0.37901476,0.156951211,0.372981653,6,563,57,6,5,,,,,
1.54713E+12,288.837105,0.151613176,0.374783516,0.161552325,0.382141709,0.15658275,0.378462613,6,563,57,6,5,,,,,
1.54713E+12,288.848208,0.149024189,0.376685053,0.160206273,0.382357121,0.154615231,0.379521087,6,563,57,6,5,,,,,
1.54713E+12,288.859312,0.148881003,0.379018128,0.161604539,0.3838844,0.155242771,0.381451264,6,563,57,6,5,,,,,
1.54713E+12,288.870416,0.149066508,0.37642765,0.160972804,0.379727185,0.155019656,0.378077418,6,563,57,6,5,,,,,
1.54713E+12,288.881519,0.150268167,0.383919418,0.16109331,0.377930164,0.155680738,0.380924791,6,563,57,6,5,,,,,
1.54713E+12,288.892622,0.149442792,0.383010566,0.161279768,0.379524082,0.15536128,0.381267324,6,563,57,6,5,,,,,
1.54713E+12,288.903725,0.150053024,0.384186655,0.161541298,0.381522804,0.155797161,0.38285473,6,563,57,6,5,,,,,
1.54713E+12,288.914829,0.151271015,0.374915987,0.162587851,0.383144885,0.156929433,0.379030436,6,563,57,6,5,,,,,
1.54713E+12,288.925932,0.152176604,0.376056999,0.162159234,0.38205868,0.157167919,0.37905784,6,563,57,6,5,,,,,
1.54713E+12,288.937035,0.151594535,0.377478659,0.162013054,0.379964411,0.156803794,0.378721535,6,563,57,6,5,,,,,
1.54713E+12,288.948138,0.151594535,0.377478659,0.160335556,0.380710512,0.155965045,0.379094586,6,563,57,6,5,,,,,
1.54713E+12,288.959242,0.151234403,0.376737118,0.160666093,0.380176991,0.155950248,0.378457054,6,563,57,6,5,,,,,
1.54713E+12,288.970345,0.153376818,0.377343923,0.159345835,0.383127213,0.156361327,0.380235568,6,563,57,6,5,,,,,
1.54713E+12,288.981449,0.153376818,0.377343923,0.160590172,0.382126719,0.156983495,0.379735321,6,563,57,6,5,,,,,
1.54713E+12,288.992552,0.153081566,0.377285779,0.160527572,0.383027703,0.156804569,0.380156741,6,563,57,6,5,,,,,
1.54713E+12,289.003655,0.154330492,0.38027063,0.161769867,0.384479314,0.158050179,0.382374972,6,563,57,6,5,,,,,
1.54713E+12,289.014758,0.153046995,0.383570403,0.161224127,0.384529382,0.157135561,0.384049892,6,563,57,6,5,,,,,
1.54713E+12,289.025861,0.154673338,0.381016612,0.160930648,0.385512561,0.157801993,0.383264586,6,563,57,6,5,,,,,
1.54713E+12,289.036964,0.152040079,0.383130878,0.160531729,0.384358943,0.156285904,0.38374491,6,563,57,6,5,,,,,
1.54713E+12,289.048069,0.15001756,0.381623089,0.162014216,0.384711087,0.156015888,0.383167088,6,563,57,6,5,,,,,
1.54713E+12,289.059172,0.149792418,0.38403818,0.162727535,0.383338213,0.156259976,0.383688197,6,563,57,6,5,,,,,
1.54713E+12,289.070275,0.153287247,0.376455933,0.163125247,0.381571472,0.158206247,0.379013702,6,563,57,6,5,,,,,
1.54713E+12,289.081378,0.158514097,0.37004894,0.161582902,0.383566976,0.1600485,0.376807958,6,563,57,6,5,,,,,
1.54713E+12,289.092481,0.156716526,0.366547436,0.160875365,0.384405434,0.158795945,0.375476435,6,563,57,6,5,,,,,
1.54713E+12,289.103584,0.152178392,0.370038986,0.162376851,0.387597382,0.157277621,0.378818184,6,563,57,6,5,,,,,
1.54713E+12,289.114688,0.153967261,0.378968745,0.163611427,0.387912095,0.158789344,0.38344042,6,563,57,6,5,,,,,
1.54713E+12,289.125791,0.155255735,0.383048922,0.171662554,0.387706041,0.163459145,0.385377482,6,563,57,6,5,,,,,
1.54713E+12,289.136895,0.154745162,0.38329196,0.169978395,0.390625656,0.162361778,0.386958808,6,563,57,6,5,,,,,
1.54713E+12,289.147998,0.15331088,0.384272426,0.17029725,0.391236603,0.161804065,0.387754515,6,563,57,6,5,,,,,
1.54713E+12,289.159101,0.152663827,0.380906492,0.164972529,0.392792225,0.158818178,0.386849359,6,563,57,6,5,,,,,
1.54713E+12,289.170205,0.154646322,0.380469114,0.164104819,0.387945682,0.159375571,0.384207398,6,563,57,6,5,,,,,
1.54713E+12,289.181308,0.153777465,0.380745709,0.163685367,0.387295365,0.158731416,0.384020537,6,563,57,6,5,,,,,
1.54713E+12,289.192411,0.155714557,0.380836666,0.166194394,0.386447489,0.160954475,0.383642077,6,563,57,6,5,,,,,
1.54713E+12,289.203514,0.172934517,0.38341251,0.19217898,0.382705361,0.182556748,0.383058935,6,563,57,6,5,,,,,
1.54713E+12,289.214617,0.191096008,0.375683576,0.234888569,0.3810274,0.212992288,0.378355488,6,563,57,6,5,,,,,
1.54713E+12,289.225721,0.204565927,0.373872429,0.2844899,0.381278396,0.244527914,0.377575412,6,563,57,6,5,,,,,
1.54713E+12,289.236825,0.327367127,0.380610794,0.317997128,0.38491118,0.322682127,0.382760987,6,563,57,6,5,,,,,
1.54713E+12,289.247928,0.318735868,0.387571901,0.331741452,0.385965824,0.32523866,0.386768863,6,563,57,6,5,,,,,
1.54713E+12,289.259031,0.316572398,0.382013708,0.333242327,0.385523796,0.324907362,0.383768752,6,563,57,6,5,,,,,
1.54713E+12,289.270134,0.316803098,0.382954836,0.33024779,0.387156308,0.323525444,0.385055572,6,563,57,6,5,,,,,
1.54713E+12,289.281237,0.316286683,0.38174817,0.327423453,0.389475077,0.321855068,0.385611624,6,563,57,6,5,,,,,
1.54713E+12,289.29234,0.314917922,0.38066557,0.326503575,0.38963145,0.320710748,0.38514851,6,563,57,6,5,,,,,
1.54713E+12,289.303444,0.312774122,0.380898893,0.326071978,0.388097256,0.31942305,0.384498075,6,563,57,6,5,,,,,
1.54713E+12,289.314548,0.312323064,0.387362957,0.32668528,0.391466707,0.319504172,0.389414832,6,563,57,6,5,,,,,
1.54713E+12,289.325651,0.312584847,0.388539612,0.326030284,0.394594342,0.319307566,0.391566977,6,563,57,6,5,,,,,
1.54713E+12,289.336754,0.311276913,0.392528743,0.322973907,0.393414855,0.31712541,0.392971799,6,563,57,6,5,,,,,
1.54713E+12,289.347857,0.310927927,0.392868906,0.322429121,0.393249482,0.316678524,0.393059194,6,563,57,6,5,,,,,
1.54713E+12,289.35896,0.311118782,0.395105928,0.32360068,0.393463045,0.317359731,0.394284487,6,563,57,6,5,,,,,
1.54713E+12,289.370064,0.311888605,0.394322515,0.326301992,0.397020251,0.319095299,0.395671383,6,563,57,6,5,,,,,
1.54713E+12,289.381167,0.312081575,0.396083683,0.325499475,0.397510201,0.318790525,0.396796942,6,563,57,6,5,,,,,
1.54713E+12,289.39227,0.312852472,0.393423289,0.323042512,0.395795912,0.317947492,0.3946096,6,563,57,6,5,,,,,
1.54713E+12,289.403374,0.312624753,0.391766995,0.320303708,0.394535869,0.31646423,0.393151432,6,563,57,6,5,,,,,
1.54713E+12,289.414477,0.313582063,0.391932905,0.321157157,0.395288378,0.31736961,0.393610641,6,563,57,6,5,,,,,
1.54713E+12,289.42558,0.312629908,0.394265145,0.323375344,0.397716284,0.318002626,0.395990714,6,563,57,6,5,,,,,
1.54713E+12,289.436684,0.311460614,0.394596696,0.324137688,0.397702157,0.317799151,0.396149427,6,563,57,6,5,,,,,
1.54713E+12,289.447787,0.313009977,0.391121715,0.324671566,0.39616856,0.318840772,0.393645138,6,563,57,6,5,,,,,
1.54713E+12,289.45889,0.314822376,0.388927042,0.323665887,0.394204736,0.319244131,0.391565889,6,563,57,6,5,,,,,
1.54713E+12,289.469993,0.315327704,0.388498038,0.325249165,0.393675953,0.320288435,0.391086996,6,563,57,6,5,,,,,
1.54713E+12,289.481096,0.312807083,0.389921039,0.324429065,0.394555092,0.318618074,0.392238066,6,563,57,6,5,,,,,
1.54713E+12,289.492201,0.31126368,0.391587347,0.32504493,0.396490365,0.318154305,0.394038856,6,563,57,6,5,,,,,
1.54713E+12,289.503304,0.311059952,0.391228288,0.323978961,0.397129267,0.317519456,0.394178778,6,563,57,6,5,,,,,
1.54713E+12,289.514407,0.311148524,0.392228514,0.324243158,0.396914721,0.317695841,0.394571617,6,563,57,6,5,,,,,
1.54713E+12,289.52551,0.313319057,0.391534656,0.32590583,0.396309793,0.319612443,0.393922225,6,563,57,6,5,,,,,
1.54713E+12,289.536614,0.318507791,0.395054996,0.332143992,0.397288978,0.325325891,0.396171987,6,563,57,6,5,,,,,
1.54713E+12,289.547717,0.322710395,0.394700825,0.336417675,0.396680981,0.329564035,0.395690903,6,563,57,6,5,,,,,
1.54713E+12,289.558821,0.324456036,0.394127965,0.338960111,0.394932747,0.331708074,0.394530356,6,563,57,6,5,,,,,
1.54713E+12,289.569924,0.321233124,0.39060995,0.335977346,0.393459588,0.328605235,0.392034769,6,563,57,6,5,,,,,
1.54713E+12,289.581028,0.321800083,0.392026514,0.334651321,0.396042526,0.328225702,0.39403452,6,563,57,6,5,,,,,
1.54713E+12,289.592131,0.321088463,0.393325806,0.334976852,0.3986817,0.328032658,0.396003753,6,563,57,6,5,,,,,
1.54713E+12,289.603234,0.323779285,0.396096319,0.333751589,0.400619417,0.328765437,0.398357868,6,563,57,6,5,,,,,
1.54713E+12,289.614337,0.323312193,0.396477908,0.334288865,0.399756491,0.328800529,0.3981172,6,563,57,6,5,,,,,
1.54713E+12,289.625441,0.322174132,0.398070157,0.331327021,0.399259239,0.326750576,0.398664698,6,563,57,6,5,,,,,
1.54713E+12,289.636544,0.321307451,0.397844225,0.334102929,0.398274958,0.32770519,0.398059592,6,563,57,6,5,,,,,
1.54713E+12,289.647647,0.321286649,0.400681227,0.333134919,0.397513509,0.327210784,0.399097368,6,563,57,6,5,,,,,
1.54713E+12,289.65875,0.322650641,0.399002612,0.335487932,0.396217108,0.329069287,0.39760986,6,563,57,6,5,,,,,
1.54713E+12,289.669854,0.323247075,0.401717782,0.335224032,0.398090571,0.329235554,0.399904177,6,563,57,6,5,,,,,
1.54713E+12,289.680957,0.32429418,0.400707006,0.33620435,0.39752537,0.330249265,0.399116188,6,563,57,6,5,,,,,
1.54713E+12,289.692061,0.323406428,0.403249383,0.335526675,0.399705261,0.329466552,0.401477322,6,563,57,6,5,,,,,
1.54713E+12,289.703164,0.325042486,0.404978424,0.334006071,0.400129169,0.329524279,0.402553797,6,563,57,6,5,,,,,
1.54713E+12,289.714267,0.323500454,0.404656917,0.333513707,0.4025684,0.328507081,0.403612658,6,563,57,6,5,,,,,
1.54713E+12,289.72537,0.324322879,0.40345034,0.333966762,0.402756602,0.329144821,0.403103471,6,563,57,6,5,,,,,
1.54713E+12,289.736473,0.320582032,0.397893637,0.334113687,0.403031975,0.32734786,0.400462806,6,563,57,6,5,,,,,
1.54713E+12,289.747577,0.322748572,0.396025687,0.334886283,0.403870821,0.328817427,0.399948254,6,563,57,6,5,,,,,
1.54713E+12,289.758681,0.323771268,0.393516034,0.335620373,0.402665645,0.329695821,0.398090839,6,563,57,6,5,,,,,
1.54713E+12,289.769784,0.32514444,0.398838282,0.334550709,0.401243567,0.329847574,0.400040925,6,563,57,6,5,,,,,
1.54713E+12,289.780887,0.325846553,0.399629205,0.335026503,0.399096847,0.330436528,0.399363026,6,563,57,6,5,,,,,
1.54713E+12,289.79199,0.326149225,0.409923464,0.322976619,0.396212518,0.324562922,0.403067991,6,563,57,6,5,,,,,
1.54713E+12,289.803093,0.279726326,0.407776415,0.299591869,0.391331911,0.289659098,0.399554163,6,563,57,6,5,,,,,
1.54713E+12,289.814197,0.225798666,0.404464602,0.268375933,0.38855502,0.2470873,0.396509811,6,563,57,6,5,,,,,
1.54713E+12,289.8253,0.228435084,0.396529078,0.249914959,0.390549988,0.239175022,0.393539533,6,563,57,6,5,,,,,
1.54713E+12,289.836403,0.227305219,0.398269773,0.243680894,0.393906802,0.235493056,0.396088287,6,563,57,6,5,,,,,
1.54713E+12,289.847507,0.232040584,0.400062531,0.243933409,0.390339494,0.237986997,0.395201012,6,563,57,6,5,,,,,
1.54713E+12,289.85861,0.232693076,0.401178062,0.244791612,0.387118697,0.238742344,0.39414838,6,563,57,6,5,,,,,
